sku_id,cutoff_date,current_stock
SKU-0001,2025-06-29,703
SKU-0002,2025-06-29,776
SKU-0003,2025-06-29,937
SKU-0004,2025-06-29,406
SKU-0005,2025-06-29,44
SKU-0006,2025-06-29,1060
SKU-0007,2025-06-29,736
SKU-0008,2025-06-29,678
SKU-0009,2025-06-29,687
SKU-0010,2025-06-29,1023
SKU-0011,2025-06-29,923
SKU-0012,2025-06-29,804
SKU-0013,2025-06-29,938
SKU-0014,2025-06-29,346
SKU-0015,2025-06-29,854
SKU-0016,2025-06-29,1170
SKU-0017,2025-06-29,281
SKU-0018,2025-06-29,685
SKU-0019,2025-06-29,817
SKU-0020,2025-06-29,620
SKU-0021,2025-06-29,1162
SKU-0022,2025-06-29,484
SKU-0023,2025-06-29,261
SKU-0024,2025-06-29,163
SKU-0025,2025-06-29,1019
SKU-0026,2025-06-29,823
SKU-0027,2025-06-29,693
SKU-0028,2025-06-29,516
SKU-0029,2025-06-29,491
SKU-0030,2025-06-29,1121
SKU-0031,2025-06-29,816
SKU-0032,2025-06-29,1158
SKU-0033,2025-06-29,961
SKU-0034,2025-06-29,921
SKU-0035,2025-06-29,664
SKU-0036,2025-06-29,290
SKU-0037,2025-06-29,784
SKU-0038,2025-06-29,859
SKU-0039,2025-06-29,626
SKU-0040,2025-06-29,24
