sku_id,category,base_daily_consumption
SKU-0001,Electronics,19.07
SKU-0002,Office,9.19
SKU-0003,Office,24.28
SKU-0004,Sports,22.38
SKU-0005,Sports,19.57
SKU-0006,Garden,5.27
SKU-0007,Electronics,11.93
SKU-0008,Office,1.57
SKU-0009,Home,4.28
SKU-0010,Electronics,17.23
SKU-0011,Sports,18.75
SKU-0012,Garden,24.2
SKU-0013,Office,8.48
SKU-0014,Office,9.58
SKU-0015,Office,12.0
SKU-0016,Office,5.14
SKU-0017,Sports,3.68
SKU-0018,Electronics,12.15
SKU-0019,Garden,6.06
SKU-0020,Sports,16.91
SKU-0021,Sports,11.21
SKU-0022,Home,20.9
SKU-0023,Electronics,17.66
SKU-0024,Garden,8.15
SKU-0025,Office,20.89
SKU-0026,Office,20.22
SKU-0027,Sports,9.99
SKU-0028,Garden,7.56
SKU-0029,Sports,17.22
SKU-0030,Sports,3.92
SKU-0031,Sports,5.4
SKU-0032,Home,0.68
SKU-0033,Electronics,19.78
SKU-0034,Sports,16.79
SKU-0035,Garden,17.78
SKU-0036,Electronics,19.63
SKU-0037,Garden,11.74
SKU-0038,Garden,14.43
SKU-0039,Home,3.93
SKU-0040,Office,3.31
